{
  "project_info": {
    "project_number": "309714270304",
    "firebase_url": "https://newlife-sda-church-default-rtdb.firebaseio.com",
    "project_id": "newlife-sda-church",
    "storage_bucket": "newlife-sda-church.appspot.com"
  },
  "client": [
    {
      "client_info": {
        "mobilesdk_app_id": "1:309714270304:android:4aa9bdf93d77293c756b05",
        "android_client_info": {
          "package_name": "com.example.android.newliferegistrationapp"
        }
      },
      "oauth_client": [
        {
          "client_id": "309714270304-lpjl42s6h2pg749piv41mscjeul3j06q.apps.googleusercontent.com",
          "client_type": 3
        }
      ],
      "api_key": [
        {
          "current_key": "AIzaSyA9I6072eQ1coo_U9VV1f53NIxt8rKWD5A"
        }
      ],
      "services": {
        "appinvite_service": {
          "other_platform_oauth_client": [
            {
              "client_id": "309714270304-lpjl42s6h2pg749piv41mscjeul3j06q.apps.googleusercontent.com",
              "client_type": 3
            }
          ]
        }
      }
    },
    {
      "client_info": {
        "mobilesdk_app_id": "1:309714270304:android:cfdf167bec383ad0756b05",
        "android_client_info": {
          "package_name": "com.example.newlife_narok_sda_church_management_app"
        }
      },
      "oauth_client": [
        {
          "client_id": "309714270304-lpjl42s6h2pg749piv41mscjeul3j06q.apps.googleusercontent.com",
          "client_type": 3
        }
      ],
      "api_key": [
        {
          "current_key": "AIzaSyA9I6072eQ1coo_U9VV1f53NIxt8rKWD5A"
        }
      ],
      "services": {
        "appinvite_service": {
          "other_platform_oauth_client": [
            {
              "client_id": "309714270304-lpjl42s6h2pg749piv41mscjeul3j06q.apps.googleusercontent.com",
              "client_type": 3
            }
          ]
        }
      }
    }
  ],
  "configuration_version": "1"
}